{
    "fractal": 0,
    "params": [9],
    "juliaEnabled": false,
    "julia": [1, 0, 0],
    "color": {
        "r": 50,
        "g": 143,
        "b": 59
    },
    "neon": true,
    "camera": [0,0.4209170639514923,1.249430537223816],
    "front": [0,-0.7071,-0.7071],
    "eps": 0.00035,
    "ray_multiplier": 0.1
}