{
    "fractal": 1,
    "params": [-1.5, 0, 1],
    "juliaEnabled": true,
    "julia": [-1.8, 1.5, 1.5],
    "color": {
        "r": 48,
        "g": 127,
        "b": 140
    },
    "neon": false,
    "camera": [-1.5183676481246948, 0.5223222374916077, -0.11047594249248505],
    "front": [0.37398889660835266, 0.7818334102630615, -0.4988675117492676],
    "eps": 0.00003,
    "ray_multiplier": 0.1
}