{
    "fractal": 2,
    "params": [0, 90, 0],
    "juliaEnabled": true,
    "julia": [0, 0, -1],
    "color": {
        "r": 119,
        "g": 181,
        "b": 114
    },
    "orbit_freq": [0.1, 0.1, 0.1],
    "neon": true,
    "decay": 1,
    "camera": [0.6474604606628418,0.007233119569718838,-0.1424608677625656],
    "front": [-0.9727376103401184,0.20513083040714264,-0.10818012058734894],
    "eps": 0.0007178979876918532,
    "ray_multiplier": 0.5
}