{
    "fractal": 2,
    "params": [0, 90, 0],
    "juliaEnabled": true,
    "julia": [0, -0.5, -1],
    "color": {
        "r": 114,
        "g": 158,
        "b": 138
    },
    "orbit_freq": [0.1, 0.1, 0.1],
    "neon": true,
    "decay": 1,
    "camera": [0.34568822383880615,0.28099676966667175,0.7605937719345093],
    "front": [-0.9929957389831543,-0.11635156720876694,0.02053770236670971],
    "eps": 0.00013302794647291152,
    "ray_multiplier": 0.5
}