{
    "fractal": 1,
    "params": [-1.5, 0, 1],
    "juliaEnabled": true,
    "julia": [2, -0.5, -1],
    "color": {
        "r": 177,
        "g": 119,
        "b": 119
    },
    "orbit_freq": [0.3,0.4,0.3],
    "shadow": true,
    "neon": true,
    "decay": 4,
    "camera": [-2.865100860595703, 3.6645030975341797, -0.7278513312339783],
    "front": [-0.9893273711204529, 0.051059190183877945, 0.13647110760211945],
    "eps": 0.0002,
    "ray_multiplier": 0.5
}
